"barcode","is_cell","atac_fragments"
"CLP_0",1,743
"CLP_1",1,2822
"CLP_10",1,648
"CLP_100",1,3072
"CLP_101",1,4386
"CLP_102",1,4088
"CLP_103",1,16809
"CLP_104",1,12357
"CLP_105",1,373
"CLP_106",1,406
"CLP_107",1,8526
"CLP_108",1,28865
"CLP_109",1,10447
"CLP_11",1,441
"CLP_110",1,13934
"CLP_111",1,12655
"CLP_112",1,20845
"CLP_113",1,15902
"CLP_114",1,233
"CLP_115",1,7497
"CLP_116",1,2942
"CLP_117",1,6
"CLP_118",1,378
"CLP_119",1,3474
"CLP_12",1,4032
"CLP_120",1,4020
"CLP_121",1,203
"CLP_122",1,13402
"CLP_123",1,21926
"CLP_124",1,4934
"CLP_125",1,5138
"CLP_126",1,18948
"CLP_127",1,6174
"CLP_128",1,5698
"CLP_129",1,2845
"CLP_13",1,3140
"CLP_130",1,5067
"CLP_131",1,416
"CLP_132",1,8776
"CLP_133",1,4429
"CLP_134",1,12695
"CLP_135",1,28098
"CLP_136",1,22449
"CLP_137",1,59434
"CLP_138",1,491
"CLP_139",1,225
"CLP_14",1,176
"CLP_140",1,2553
"CLP_141",1,3816
"CLP_142",1,13675
"CLP_143",1,17221
"CLP_144",1,2043
"CLP_145",1,3475
"CLP_146",1,2291
"CLP_147",1,5981
"CLP_148",1,149
"CLP_149",1,16616
"CLP_15",1,296
"CLP_150",1,3843
"CLP_151",1,380
"CLP_152",1,1972
"CLP_153",1,3652
"CLP_154",1,10580
"CLP_155",1,1650
"CLP_156",1,4144
"CLP_157",1,18962
"CLP_158",1,7713
"CLP_159",1,9918
"CLP_16",1,164
"CLP_160",1,14220
"CLP_161",1,150
"CLP_162",1,7439
"CLP_163",1,2475
"CLP_164",1,1214
"CLP_165",1,166
"CLP_166",1,19322
"CLP_167",1,1339
"CLP_168",1,3824
"CLP_169",1,443
"CLP_17",1,126
"CLP_170",1,16338
"CLP_171",1,22249
"CLP_172",1,9858
"CLP_173",1,10839
"CLP_174",1,3295
"CLP_175",1,13536
"CLP_176",1,402
"CLP_177",1,272
"CLP_178",1,248
"CLP_179",1,6103
"CLP_18",1,87
"CLP_180",1,5132
"CLP_181",1,3562
"CLP_182",1,5064
"CLP_183",1,24825
"CLP_184",1,1391
"CLP_185",1,5843
"CLP_186",1,716
"CLP_187",1,13630
"CLP_188",1,2251
"CLP_189",1,133795
"CLP_19",1,89
"CLP_190",1,21048
"CLP_2",1,4927
"CLP_20",1,2944
"CLP_21",1,79
"CLP_22",1,91
"CLP_23",1,2383
"CLP_24",1,99
"CLP_25",1,92
"CLP_26",1,3393
"CLP_27",1,90
"CLP_28",1,306
"CLP_29",1,2528
"CLP_3",1,720
"CLP_30",1,154
"CLP_31",1,104
"CLP_32",1,102
"CLP_33",1,427
"CLP_34",1,197
"CLP_35",1,2308
"CLP_36",1,604
"CLP_37",1,826
"CLP_38",1,434
"CLP_39",1,116
"CLP_4",1,395
"CLP_40",1,156
"CLP_41",1,2331
"CLP_42",1,219
"CLP_43",1,5746
"CLP_44",1,208
"CLP_45",1,108
"CLP_46",1,83
"CLP_47",1,111
"CLP_48",1,466
"CLP_49",1,3015
"CLP_5",1,318
"CLP_50",1,356
"CLP_51",1,114
"CLP_52",1,2166
"CLP_53",1,139
"CLP_54",1,111
"CLP_55",1,100
"CLP_56",1,171
"CLP_57",1,1921
"CLP_58",1,104
"CLP_59",1,1893
"CLP_60",1,4147
"CLP_61",1,3796
"CLP_62",1,41
"CLP_63",1,829
"CLP_64",1,1437
"CLP_65",1,4058
"CLP_66",1,4669
"CLP_67",1,1021
"CLP_68",1,3817
"CLP_69",1,6075
"CLP_7",1,326
"CLP_70",1,5342
"CLP_71",1,2941
"CLP_72",1,503
"CLP_73",1,6650
"CLP_74",1,6092
"CLP_75",1,6687
"CLP_76",1,470
"CLP_77",1,4668
"CLP_78",1,6773
"CLP_79",1,7560
"CLP_8",1,523
"CLP_80",1,583
"CLP_81",1,1034
"CLP_82",1,3887
"CLP_83",1,595
"CLP_84",1,570
"CLP_85",1,3282
"CLP_86",1,3228
"CLP_87",1,3137
"CLP_88",1,307
"CLP_89",1,657
"CLP_90",1,5599
"CLP_91",1,1531
"CLP_92",1,10096
"CLP_93",1,23464
"CLP_94",1,385
"CLP_95",1,6998
"CLP_96",1,299
"CLP_97",1,2702
"CLP_98",1,8530
"CLP_99",1,10625
"CMP_0",1,5954
"CMP_1",1,7741
"CMP_10",1,2387
"CMP_100",1,1905
"CMP_101",1,10315
"CMP_102",1,31715
"CMP_103",1,17791
"CMP_104",1,55608
"CMP_105",1,19853
"CMP_106",1,22665
"CMP_107",1,6754
"CMP_108",1,16350
"CMP_109",1,5781
"CMP_11",1,9094
"CMP_110",1,8691
"CMP_111",1,147199
"CMP_112",1,2510
"CMP_113",1,16267
"CMP_114",1,42256
"CMP_115",1,5114
"CMP_116",1,29361
"CMP_117",1,19625
"CMP_118",1,51179
"CMP_119",1,13901
"CMP_12",1,3183
"CMP_120",1,24262
"CMP_121",1,12480
"CMP_122",1,14779
"CMP_123",1,23227
"CMP_124",1,11699
"CMP_125",1,23161
"CMP_126",1,13237
"CMP_127",1,17307
"CMP_128",1,17652
"CMP_129",1,41100
"CMP_13",1,13211
"CMP_130",1,16576
"CMP_131",1,147459
"CMP_132",1,50244
"CMP_133",1,18786
"CMP_134",1,8443
"CMP_135",1,16611
"CMP_136",1,11504
"CMP_137",1,24268
"CMP_138",1,7062
"CMP_139",1,23050
"CMP_14",1,14172
"CMP_140",1,28796
"CMP_141",1,9837
"CMP_142",1,22970
"CMP_143",1,68208
"CMP_144",1,13684
"CMP_145",1,19357
"CMP_146",1,17485
"CMP_147",1,23539
"CMP_148",1,7170
"CMP_149",1,28844
"CMP_15",1,15533
"CMP_150",1,20300
"CMP_151",1,3941
"CMP_152",1,4655
"CMP_153",1,2241
"CMP_154",1,16793
"CMP_155",1,20653
"CMP_156",1,6021
"CMP_157",1,15911
"CMP_158",1,11156
"CMP_159",1,14046
"CMP_16",1,1607
"CMP_160",1,14506
"CMP_161",1,15935
"CMP_162",1,16196
"CMP_163",1,38146
"CMP_164",1,235706
"CMP_165",1,14919
"CMP_166",1,39468
"CMP_167",1,14464
"CMP_168",1,30867
"CMP_169",1,9149
"CMP_17",1,22479
"CMP_170",1,25307
"CMP_171",1,15587
"CMP_172",1,2717
"CMP_173",1,13217
"CMP_174",1,9216
"CMP_175",1,6468
"CMP_176",1,10677
"CMP_177",1,106399
"CMP_178",1,16912
"CMP_179",1,78048
"CMP_18",1,5764
"CMP_180",1,8214
"CMP_181",1,28168
"CMP_182",1,32703
"CMP_183",1,42624
"CMP_184",1,134840
"CMP_185",1,27059
"CMP_186",1,10467
"CMP_187",1,8
"CMP_188",1,55921
"CMP_189",1,12485
"CMP_19",1,3880
"CMP_190",1,54358
"CMP_191",1,109276
"CMP_192",1,15697
"CMP_193",1,4839
"CMP_194",1,19716
"CMP_195",1,1170
"CMP_196",1,10077
"CMP_197",1,11350
"CMP_198",1,8132
"CMP_199",1,99407
"CMP_2",1,8643
"CMP_20",1,6162
"CMP_200",1,8369
"CMP_201",1,16708
"CMP_202",1,39191
"CMP_203",1,21298
"CMP_204",1,3416
"CMP_205",1,17592
"CMP_206",1,40722
"CMP_207",1,7294
"CMP_208",1,11706
"CMP_209",1,2070
"CMP_21",1,10745
"CMP_210",1,27429
"CMP_211",1,34103
"CMP_212",1,37446
"CMP_213",1,59492
"CMP_214",1,931
"CMP_215",1,5342
"CMP_216",1,17534
"CMP_217",1,6056
"CMP_218",1,138145
"CMP_219",1,35031
"CMP_22",1,25252
"CMP_220",1,1618
"CMP_221",1,26505
"CMP_222",1,40118
"CMP_223",1,60081
"CMP_224",1,20154
"CMP_225",1,63428
"CMP_226",1,16063
"CMP_227",1,14665
"CMP_228",1,35381
"CMP_229",1,21114
"CMP_23",1,6049
"CMP_230",1,35812
"CMP_231",1,38161
"CMP_232",1,43722
"CMP_233",1,3964
"CMP_234",1,7218
"CMP_235",1,37853
"CMP_236",1,5315
"CMP_237",1,10826
"CMP_238",1,4684
"CMP_239",1,238472
"CMP_24",1,19428
"CMP_240",1,26040
"CMP_241",1,19206
"CMP_242",1,25769
"CMP_243",1,19922
"CMP_244",1,16303
"CMP_245",1,6645
"CMP_246",1,14317
"CMP_247",1,30056
"CMP_248",1,2483
"CMP_249",1,9227
"CMP_25",1,21811
"CMP_250",1,39705
"CMP_251",1,36776
"CMP_252",1,21139
"CMP_253",1,17497
"CMP_254",1,61726
"CMP_255",1,18213
"CMP_256",1,4100
"CMP_257",1,25196
"CMP_258",1,57285
"CMP_259",1,31575
"CMP_26",1,14645
"CMP_260",1,7964
"CMP_261",1,22835
"CMP_262",1,8896
"CMP_263",1,79659
"CMP_264",1,100441
"CMP_265",1,23409
"CMP_266",1,2077
"CMP_267",1,11991
"CMP_268",1,34860
"CMP_269",1,21622
"CMP_27",1,18239
"CMP_270",1,2003
"CMP_271",1,23500
"CMP_272",1,1693
"CMP_273",1,3453
"CMP_274",1,2884
"CMP_275",1,20805
"CMP_277",1,5022
"CMP_278",1,34104
"CMP_279",1,6148
"CMP_28",1,3386
"CMP_280",1,3550
"CMP_281",1,51055
"CMP_282",1,10640
"CMP_283",1,384883
"CMP_284",1,20485
"CMP_285",1,11636
"CMP_286",1,3491
"CMP_287",1,27286
"CMP_288",1,32393
"CMP_289",1,32033
"CMP_29",1,14416
"CMP_290",1,15304
"CMP_291",1,19169
"CMP_292",1,2326
"CMP_293",1,943
"CMP_294",1,782
"CMP_295",1,3807
"CMP_296",1,3262
"CMP_297",1,29135
"CMP_298",1,25369
"CMP_299",1,8318
"CMP_3",1,9309
"CMP_30",1,11878
"CMP_300",1,20015
"CMP_301",1,7384
"CMP_302",1,19844
"CMP_303",1,35041
"CMP_304",1,202797
"CMP_305",1,2160
"CMP_306",1,19365
"CMP_307",1,21811
"CMP_308",1,21349
"CMP_309",1,28601
"CMP_31",1,13518
"CMP_310",1,11068
"CMP_311",1,40493
"CMP_312",1,51030
"CMP_313",1,5657
"CMP_314",1,16054
"CMP_315",1,22537
"CMP_316",1,19246
"CMP_317",1,178095
"CMP_318",1,23420
"CMP_319",1,23319
"CMP_32",1,6948
"CMP_320",1,13439
"CMP_321",1,42683
"CMP_322",1,24111
"CMP_323",1,7178
"CMP_324",1,11896
"CMP_325",1,9560
"CMP_326",1,2001
"CMP_327",1,60125
"CMP_328",1,12381
"CMP_329",1,41713
"CMP_33",1,4770
"CMP_330",1,16317
"CMP_331",1,5255
"CMP_332",1,11232
"CMP_333",1,48121
"CMP_334",1,51206
"CMP_335",1,27685
"CMP_336",1,35538
"CMP_337",1,10802
"CMP_338",1,24297
"CMP_339",1,37403
"CMP_34",1,16258
"CMP_340",1,25639
"CMP_341",1,18661
"CMP_342",1,26332
"CMP_343",1,18672
"CMP_344",1,4940
"CMP_345",1,68858
"CMP_346",1,77755
"CMP_347",1,21375
"CMP_348",1,6209
"CMP_349",1,20349
"CMP_35",1,6934
"CMP_350",1,22374
"CMP_351",1,106137
"CMP_352",1,6879
"CMP_353",1,58051
"CMP_354",1,5755
"CMP_355",1,24822
"CMP_356",1,47081
"CMP_357",1,26118
"CMP_358",1,38380
"CMP_359",1,11797
"CMP_36",1,12796
"CMP_360",1,5851
"CMP_361",1,37956
"CMP_362",1,38724
"CMP_363",1,36604
"CMP_364",1,8926
"CMP_365",1,13657
"CMP_366",1,4222
"CMP_367",1,24976
"CMP_368",1,39065
"CMP_369",1,23735
"CMP_37",1,62065
"CMP_370",1,6019
"CMP_371",1,54475
"CMP_372",1,21508
"CMP_373",1,94400
"CMP_374",1,7904
"CMP_375",1,20345
"CMP_376",1,8137
"CMP_377",1,48810
"CMP_378",1,3268
"CMP_379",1,46168
"CMP_38",1,17455
"CMP_380",1,670918
"CMP_381",1,42155
"CMP_382",1,44068
"CMP_383",1,23712
"CMP_384",1,10067
"CMP_385",1,1361
"CMP_386",1,29213
"CMP_387",1,12239
"CMP_388",1,18382
"CMP_389",1,12057
"CMP_39",1,30970
"CMP_390",1,8279
"CMP_391",1,13204
"CMP_392",1,8916
"CMP_393",1,7813
"CMP_394",1,46998
"CMP_395",1,8608
"CMP_396",1,30975
"CMP_397",1,6859
"CMP_398",1,10982
"CMP_399",1,58564
"CMP_4",1,9920
"CMP_40",1,2314
"CMP_400",1,31337
"CMP_401",1,4860
"CMP_402",1,131764
"CMP_403",1,34369
"CMP_404",1,2933
"CMP_405",1,24970
"CMP_406",1,15125
"CMP_407",1,8657
"CMP_408",1,32278
"CMP_409",1,9492
"CMP_41",1,15492
"CMP_410",1,13050
"CMP_411",1,4890
"CMP_412",1,8935
"CMP_413",1,45167
"CMP_414",1,17848
"CMP_415",1,53952
"CMP_416",1,18545
"CMP_417",1,12773
"CMP_418",1,2955
"CMP_419",1,6301
"CMP_42",1,15677
"CMP_420",1,38828
"CMP_421",1,10234
"CMP_422",1,21376
"CMP_423",1,16440
"CMP_424",1,7253
"CMP_425",1,3231
"CMP_426",1,28094
"CMP_427",1,3313
"CMP_428",1,8792
"CMP_429",1,13219
"CMP_43",1,6959
"CMP_430",1,56726
"CMP_431",1,9761
"CMP_432",1,34430
"CMP_433",1,8875
"CMP_434",1,30379
"CMP_435",1,3459
"CMP_436",1,7433
"CMP_437",1,26728
"CMP_438",1,33389
"CMP_439",1,27452
"CMP_44",1,9442
"CMP_440",1,6528
"CMP_441",1,19198
"CMP_442",1,27264
"CMP_443",1,12110
"CMP_444",1,7240
"CMP_445",1,6732
"CMP_446",1,39295
"CMP_447",1,5477
"CMP_448",1,29798
"CMP_449",1,4669
"CMP_45",1,22002
"CMP_450",1,10954
"CMP_451",1,39696
"CMP_452",1,18957
"CMP_453",1,5488
"CMP_454",1,33931
"CMP_455",1,2821
"CMP_456",1,36749
"CMP_457",1,23183
"CMP_458",1,52353
"CMP_459",1,8801
"CMP_46",1,972
"CMP_460",1,8476
"CMP_461",1,2994
"CMP_462",1,6456
"CMP_463",1,3256
"CMP_464",1,16158
"CMP_465",1,7388
"CMP_466",1,21482
"CMP_467",1,18897
"CMP_468",1,29469
"CMP_469",1,27715
"CMP_47",1,1509
"CMP_470",1,11944
"CMP_471",1,17066
"CMP_472",1,4944
"CMP_473",1,4139
"CMP_474",1,44867
"CMP_475",1,100364
"CMP_476",1,9667
"CMP_477",1,100555
"CMP_478",1,41961
"CMP_479",1,8829
"CMP_48",1,3167
"CMP_480",1,6084
"CMP_481",1,3918
"CMP_482",1,4691
"CMP_483",1,15694
"CMP_484",1,21989
"CMP_485",1,22454
"CMP_486",1,17629
"CMP_487",1,267
"CMP_489",1,27283
"CMP_49",1,4201
"CMP_490",1,249
"CMP_491",1,4981
"CMP_492",1,205
"CMP_493",1,12151
"CMP_494",1,127
"CMP_495",1,607
"CMP_496",1,8128
"CMP_497",1,34420
"CMP_498",1,2171
"CMP_499",1,3804
"CMP_5",1,4162
"CMP_50",1,3316
"CMP_500",1,41
"CMP_501",1,16302
"CMP_502",1,18450
"CMP_503",1,12388
"CMP_504",1,907
"CMP_505",1,49855
"CMP_506",1,4697
"CMP_507",1,22981
"CMP_508",1,2386
"CMP_509",1,38128
"CMP_51",1,13467
"CMP_510",1,1929
"CMP_511",1,5971
"CMP_512",1,19571
"CMP_513",1,2407
"CMP_514",1,2451
"CMP_515",1,7803
"CMP_516",1,15885
"CMP_517",1,1772
"CMP_518",1,23913
"CMP_519",1,31729
"CMP_52",1,8430
"CMP_520",1,3060
"CMP_521",1,28205
"CMP_522",1,8105
"CMP_523",1,1827
"CMP_524",1,65949
"CMP_525",1,4802
"CMP_526",1,17205
"CMP_527",1,10009
"CMP_528",1,4243
"CMP_529",1,34792
"CMP_53",1,2522
"CMP_530",1,6949
"CMP_531",1,37635
"CMP_532",1,6108
"CMP_533",1,7289
"CMP_534",1,16819
"CMP_535",1,16865
"CMP_536",1,21815
"CMP_537",1,2417
"CMP_538",1,14231
"CMP_539",1,8115
"CMP_54",1,15756
"CMP_540",1,34152
"CMP_541",1,5694
"CMP_542",1,2275
"CMP_543",1,18802
"CMP_544",1,35448
"CMP_545",1,37634
"CMP_546",1,1985
"CMP_547",1,7146
"CMP_548",1,2833
"CMP_549",1,4416
"CMP_55",1,9098
"CMP_550",1,34057
"CMP_551",1,21126
"CMP_552",1,19241
"CMP_553",1,9317
"CMP_554",1,23130
"CMP_555",1,1922
"CMP_556",1,16881
"CMP_557",1,5021
"CMP_558",1,6469
"CMP_559",1,2124
"CMP_56",1,6978
"CMP_560",1,14575
"CMP_561",1,33515
"CMP_562",1,40564
"CMP_563",1,11121
"CMP_564",1,2914
"CMP_565",1,6550
"CMP_566",1,2138
"CMP_567",1,42751
"CMP_568",1,19361
"CMP_569",1,37986
"CMP_57",1,13911
"CMP_570",1,1524
"CMP_571",1,29174
"CMP_572",1,14513
"CMP_573",1,28657
"CMP_574",1,40623
"CMP_575",1,21050
"CMP_576",1,177964
"CMP_577",1,44631
"CMP_578",1,26890
"CMP_579",1,29593
"CMP_58",1,14952
"CMP_580",1,43070
"CMP_581",1,22389
"CMP_582",1,6221
"CMP_583",1,2269
"CMP_584",1,150399
"CMP_585",1,10035
"CMP_586",1,2743
"CMP_587",1,6123
"CMP_588",1,3222
"CMP_589",1,9677
"CMP_59",1,44491
"CMP_590",1,20210
"CMP_591",1,681
"CMP_592",1,561
"CMP_593",1,34907
"CMP_594",1,5292
"CMP_595",1,2018
"CMP_596",1,8437
"CMP_597",1,10499
"CMP_598",1,10087
"CMP_599",1,8621
"CMP_6",1,40739
"CMP_60",1,20530
"CMP_600",1,31239
"CMP_601",1,29149
"CMP_602",1,175352
"CMP_603",1,19661
"CMP_604",1,1614
"CMP_605",1,35200
"CMP_606",1,4148
"CMP_607",1,33934
"CMP_608",1,3243
"CMP_609",1,29054
"CMP_61",1,5987
"CMP_610",1,50038
"CMP_611",1,22132
"CMP_612",1,22964
"CMP_613",1,18494
"CMP_614",1,13125
"CMP_615",1,13474
"CMP_616",1,3532
"CMP_617",1,17877
"CMP_618",1,17705
"CMP_619",1,18131
"CMP_62",1,75085
"CMP_620",1,14477
"CMP_621",1,30252
"CMP_622",1,18566
"CMP_623",1,4047
"CMP_624",1,23372
"CMP_625",1,16183
"CMP_626",1,39652
"CMP_627",1,16609
"CMP_628",1,8851
"CMP_629",1,30744
"CMP_63",1,67951
"CMP_630",1,40726
"CMP_631",1,5095
"CMP_632",1,25280
"CMP_633",1,4021
"CMP_634",1,15848
"CMP_635",1,16581
"CMP_636",1,27197
"CMP_637",1,10964
"CMP_638",1,48744
"CMP_639",1,19296
"CMP_64",1,5898
"CMP_640",1,16637
"CMP_641",1,21834
"CMP_642",1,11419
"CMP_643",1,7610
"CMP_644",1,29612
"CMP_645",1,19303
"CMP_646",1,33543
"CMP_647",1,17950
"CMP_648",1,25159
"CMP_649",1,11655
"CMP_65",1,6110
"CMP_650",1,30940
"CMP_651",1,32241
"CMP_652",1,5136
"CMP_653",1,1738
"CMP_654",1,17457
"CMP_655",1,29134
"CMP_656",1,3697
"CMP_657",1,9674
"CMP_658",1,23611
"CMP_659",1,19188
"CMP_66",1,18772
"CMP_660",1,11679
"CMP_661",1,26693
"CMP_662",1,40975
"CMP_663",1,179708
"CMP_664",1,27780
"CMP_665",1,6237
"CMP_666",1,2750
"CMP_667",1,12274
"CMP_669",1,18202
"CMP_67",1,3978
"CMP_670",1,70208
"CMP_671",1,32077
"CMP_68",1,13799
"CMP_69",1,9273
"CMP_7",1,4289
"CMP_70",1,38382
"CMP_71",1,15501
"CMP_72",1,56926
"CMP_73",1,15391
"CMP_74",1,21305
"CMP_75",1,14617
"CMP_76",1,14788
"CMP_77",1,14689
"CMP_78",1,3569
"CMP_79",1,3727
"CMP_8",1,7837
"CMP_80",1,41472
"CMP_81",1,3875
"CMP_82",1,12194
"CMP_83",1,10809
"CMP_84",1,26164
"CMP_85",1,17914
"CMP_86",1,5398
"CMP_87",1,5156
"CMP_88",1,3372
"CMP_89",1,3263
"CMP_9",1,7118
"CMP_90",1,15233
"CMP_91",1,15851
"CMP_92",1,72178
"CMP_93",1,61486
"CMP_94",1,12943
"CMP_95",1,46376
"CMP_96",1,53308
"CMP_97",1,10956
"CMP_98",1,2431
"CMP_99",1,8085
"GMP_0",1,8437
"GMP_1",1,28371
"GMP_10",1,9850
"GMP_100",1,3836
"GMP_101",1,406
"GMP_102",1,19461
"GMP_103",1,3985
"GMP_104",1,360
"GMP_105",1,1907
"GMP_106",1,1991
"GMP_107",1,10675
"GMP_108",1,3084
"GMP_109",1,10437
"GMP_11",1,6848
"GMP_110",1,5738
"GMP_111",1,9585
"GMP_112",1,3886
"GMP_113",1,5402
"GMP_114",1,1388
"GMP_115",1,7462
"GMP_116",1,5441
"GMP_117",1,11876
"GMP_118",1,10036
"GMP_119",1,6541
"GMP_12",1,524
"GMP_120",1,12826
"GMP_121",1,12478
"GMP_122",1,9078
"GMP_123",1,8000
"GMP_124",1,2767
"GMP_125",1,12509
"GMP_126",1,2094
"GMP_127",1,7213
"GMP_128",1,2834
"GMP_129",1,1035
"GMP_13",1,17434
"GMP_130",1,2820
"GMP_131",1,3983
"GMP_132",1,1779
"GMP_133",1,1679
"GMP_134",1,5661
"GMP_135",1,8061
"GMP_136",1,105
"GMP_137",1,7898
"GMP_138",1,7532
"GMP_139",1,7648
"GMP_14",1,6198
"GMP_140",1,4884
"GMP_141",1,2757
"GMP_142",1,4482
"GMP_143",1,2629
"GMP_144",1,12025
"GMP_145",1,10577
"GMP_146",1,4898
"GMP_147",1,8442
"GMP_148",1,183
"GMP_149",1,4582
"GMP_15",1,7197
"GMP_150",1,9050
"GMP_151",1,9322
"GMP_152",1,408
"GMP_153",1,7582
"GMP_154",1,8008
"GMP_155",1,5925
"GMP_156",1,6243
"GMP_157",1,6964
"GMP_158",1,5242
"GMP_159",1,10004
"GMP_16",1,97375
"GMP_160",1,271
"GMP_161",1,9072
"GMP_162",1,4242
"GMP_163",1,5756
"GMP_164",1,899
"GMP_165",1,3922
"GMP_166",1,5688
"GMP_167",1,8266
"GMP_168",1,9044
"GMP_169",1,2413
"GMP_170",1,489
"GMP_171",1,7066
"GMP_172",1,15049
"GMP_173",1,5472
"GMP_174",1,1102
"GMP_175",1,9070
"GMP_176",1,12370
"GMP_177",1,987
"GMP_178",1,7834
"GMP_179",1,292
"GMP_18",1,1219
"GMP_180",1,8735
"GMP_181",1,5763
"GMP_182",1,6076
"GMP_183",1,3506
"GMP_184",1,10864
"GMP_185",1,895
"GMP_186",1,635
"GMP_187",1,13030
"GMP_188",1,2940
"GMP_189",1,14614
"GMP_19",1,7716
"GMP_190",1,6549
"GMP_191",1,3657
"GMP_192",1,23024
"GMP_193",1,66695
"GMP_194",1,23626
"GMP_195",1,6059
"GMP_196",1,14470
"GMP_197",1,10626
"GMP_198",1,58946
"GMP_199",1,6176
"GMP_2",1,524
"GMP_20",1,15910
"GMP_200",1,23142
"GMP_201",1,21530
"GMP_202",1,9522
"GMP_203",1,12304
"GMP_204",1,6417
"GMP_205",1,5693
"GMP_206",1,15830
"GMP_207",1,7269
"GMP_208",1,18299
"GMP_209",1,6548
"GMP_21",1,18786
"GMP_210",1,12338
"GMP_211",1,37433
"GMP_212",1,9562
"GMP_213",1,42140
"GMP_214",1,30381
"GMP_215",1,27304
"GMP_216",1,31018
"GMP_217",1,14656
"GMP_218",1,23689
"GMP_219",1,8570
"GMP_22",1,7447
"GMP_220",1,17921
"GMP_221",1,29995
"GMP_222",1,21947
"GMP_223",1,22046
"GMP_224",1,19142
"GMP_225",1,19840
"GMP_226",1,50258
"GMP_227",1,24662
"GMP_228",1,7267
"GMP_229",1,3024
"GMP_23",1,59464
"GMP_230",1,42147
"GMP_231",1,52223
"GMP_232",1,10409
"GMP_233",1,17806
"GMP_234",1,13864
"GMP_235",1,12786
"GMP_236",1,10413
"GMP_237",1,12969
"GMP_238",1,42026
"GMP_239",1,11092
"GMP_24",1,19051
"GMP_240",1,23902
"GMP_241",1,12599
"GMP_242",1,19437
"GMP_243",1,8855
"GMP_244",1,9082
"GMP_245",1,27330
"GMP_246",1,65019
"GMP_247",1,32080
"GMP_248",1,11580
"GMP_249",1,11002
"GMP_25",1,22501
"GMP_250",1,29133
"GMP_251",1,25711
"GMP_252",1,30591
"GMP_253",1,20871
"GMP_254",1,10889
"GMP_255",1,27149
"GMP_256",1,8359
"GMP_257",1,11961
"GMP_258",1,23658
"GMP_259",1,8307
"GMP_26",1,8300
"GMP_260",1,24681
"GMP_261",1,16904
"GMP_262",1,39631
"GMP_263",1,36378
"GMP_264",1,38008
"GMP_265",1,16305
"GMP_266",1,10602
"GMP_267",1,31547
"GMP_268",1,36040
"GMP_269",1,59600
"GMP_27",1,1530
"GMP_270",1,21180
"GMP_271",1,26039
"GMP_272",1,8077
"GMP_273",1,10700
"GMP_274",1,40540
"GMP_275",1,21665
"GMP_276",1,16292
"GMP_277",1,7029
"GMP_278",1,34483
"GMP_279",1,6636
"GMP_28",1,64466
"GMP_280",1,9881
"GMP_281",1,36552
"GMP_282",1,66012
"GMP_283",1,35633
"GMP_284",1,7840
"GMP_285",1,247152
"GMP_286",1,11752
"GMP_287",1,103829
"GMP_29",1,5
"GMP_3",1,3637
"GMP_30",1,13795
"GMP_31",1,13950
"GMP_32",1,2697
"GMP_33",1,1399
"GMP_34",1,1381
"GMP_35",1,479
"GMP_36",1,21995
"GMP_37",1,24200
"GMP_38",1,17704
"GMP_39",1,15200
"GMP_4",1,11802
"GMP_40",1,4763
"GMP_42",1,4985
"GMP_43",1,17046
"GMP_44",1,16226
"GMP_45",1,9610
"GMP_46",1,16031
"GMP_47",1,6877
"GMP_48",1,11740
"GMP_49",1,8756
"GMP_50",1,10091
"GMP_51",1,26505
"GMP_52",1,3971
"GMP_53",1,2
"GMP_54",1,3534
"GMP_55",1,10736
"GMP_56",1,11165
"GMP_57",1,13781
"GMP_58",1,14962
"GMP_59",1,5983
"GMP_6",1,2400
"GMP_60",1,9781
"GMP_61",1,10625
"GMP_62",1,4590
"GMP_63",1,1386
"GMP_64",1,1354
"GMP_65",1,4
"GMP_66",1,6145
"GMP_67",1,60376
"GMP_68",1,16047
"GMP_69",1,43142
"GMP_7",1,29682
"GMP_70",1,40414
"GMP_71",1,23161
"GMP_72",1,21308
"GMP_73",1,16094
"GMP_74",1,12202
"GMP_75",1,13012
"GMP_76",1,33560
"GMP_78",1,3808
"GMP_79",1,6167
"GMP_8",1,13253
"GMP_80",1,10672
"GMP_81",1,189
"GMP_82",1,19659
"GMP_83",1,15785
"GMP_84",1,13250
"GMP_85",1,23540
"GMP_86",1,6061
"GMP_87",1,7734
"GMP_88",1,11746
"GMP_89",1,8
"GMP_9",1,19476
"GMP_90",1,28016
"GMP_91",1,17323
"GMP_92",1,22691
"GMP_93",1,121221
"GMP_94",1,4605
"GMP_95",1,11440
"GMP_96",1,1879
"GMP_97",1,17170
"GMP_98",1,6378
"GMP_99",1,11010
"HSC_0",1,26655
"HSC_1",1,5683
"HSC_10",1,7185
"HSC_100",1,7227
"HSC_101",1,38302
"HSC_102",1,3224
"HSC_103",1,20563
"HSC_104",1,15560
"HSC_105",1,3453
"HSC_106",1,2632
"HSC_107",1,13374
"HSC_108",1,366
"HSC_109",1,2011
"HSC_11",1,34902
"HSC_110",1,1280
"HSC_111",1,224
"HSC_112",1,44
"HSC_113",1,9123
"HSC_114",1,234
"HSC_115",1,3386
"HSC_116",1,1503
"HSC_117",1,8047
"HSC_118",1,2480
"HSC_119",1,437
"HSC_12",1,20787
"HSC_120",1,18462
"HSC_121",1,30087
"HSC_122",1,11433
"HSC_123",1,11283
"HSC_124",1,2332
"HSC_125",1,13695
"HSC_126",1,42351
"HSC_127",1,4817
"HSC_128",1,8471
"HSC_129",1,4714
"HSC_13",1,15957
"HSC_130",1,12811
"HSC_131",1,2342
"HSC_132",1,30613
"HSC_133",1,11681
"HSC_134",1,15039
"HSC_135",1,19029
"HSC_136",1,3624
"HSC_137",1,9991
"HSC_138",1,9398
"HSC_139",1,36179
"HSC_14",1,10016
"HSC_140",1,20981
"HSC_141",1,3660
"HSC_142",1,15183
"HSC_143",1,302
"HSC_144",1,10511
"HSC_145",1,24877
"HSC_146",1,1967
"HSC_147",1,14955
"HSC_148",1,17497
"HSC_149",1,15812
"HSC_15",1,17203
"HSC_150",1,13122
"HSC_151",1,38170
"HSC_152",1,15695
"HSC_153",1,3234
"HSC_154",1,17022
"HSC_155",1,3863
"HSC_156",1,33036
"HSC_157",1,4393
"HSC_158",1,20257
"HSC_159",1,7025
"HSC_16",1,53079
"HSC_160",1,2452
"HSC_161",1,19749
"HSC_162",1,36096
"HSC_163",1,23951
"HSC_164",1,36079
"HSC_165",1,6783
"HSC_166",1,22657
"HSC_167",1,2699
"HSC_168",1,7522
"HSC_169",1,5841
"HSC_17",1,90896
"HSC_170",1,4714
"HSC_171",1,3176
"HSC_172",1,3125
"HSC_173",1,43480
"HSC_174",1,12425
"HSC_175",1,23764
"HSC_176",1,44064
"HSC_177",1,6693
"HSC_178",1,8920
"HSC_179",1,4185
"HSC_18",1,59423
"HSC_180",1,16219
"HSC_181",1,11220
"HSC_182",1,21920
"HSC_183",1,15726
"HSC_184",1,28410
"HSC_185",1,24827
"HSC_186",1,26011
"HSC_187",1,26432
"HSC_188",1,133970
"HSC_189",1,10694
"HSC_19",1,19555
"HSC_190",1,53018
"HSC_191",1,9363
"HSC_192",1,1426
"HSC_193",1,17944
"HSC_194",1,10435
"HSC_195",1,25420
"HSC_196",1,882
"HSC_197",1,21866
"HSC_198",1,12
"HSC_199",1,1043
"HSC_2",1,27970
"HSC_20",1,10599
"HSC_200",1,6961
"HSC_201",1,7265
"HSC_202",1,21866
"HSC_203",1,9729
"HSC_204",1,95
"HSC_205",1,1078
"HSC_206",1,1136
"HSC_207",1,1779
"HSC_208",1,9962
"HSC_209",1,7745
"HSC_21",1,19045
"HSC_210",1,2417
"HSC_211",1,930
"HSC_212",1,1627
"HSC_213",1,586
"HSC_214",1,10399
"HSC_215",1,10387
"HSC_216",1,38934
"HSC_217",1,8696
"HSC_218",1,11460
"HSC_219",1,47217
"HSC_22",1,2841
"HSC_220",1,32926
"HSC_221",1,12054
"HSC_222",1,5383
"HSC_223",1,3048
"HSC_224",1,18514
"HSC_225",1,33789
"HSC_226",1,28572
"HSC_227",1,8856
"HSC_228",1,17864
"HSC_229",1,1518
"HSC_23",1,23751
"HSC_230",1,6796
"HSC_231",1,18800
"HSC_232",1,11083
"HSC_233",1,9108
"HSC_234",1,8951
"HSC_235",1,2297
"HSC_236",1,7020
"HSC_237",1,7830
"HSC_238",1,36659
"HSC_239",1,7039
"HSC_24",1,8676
"HSC_240",1,13149
"HSC_241",1,10517
"HSC_242",1,19300
"HSC_243",1,21871
"HSC_244",1,6245
"HSC_245",1,18812
"HSC_246",1,29151
"HSC_247",1,5522
"HSC_248",1,8044
"HSC_249",1,7379
"HSC_25",1,10779
"HSC_250",1,284
"HSC_251",1,25070
"HSC_252",1,9972
"HSC_253",1,24030
"HSC_254",1,18606
"HSC_255",1,11393
"HSC_256",1,7885
"HSC_257",1,39620
"HSC_258",1,7045
"HSC_259",1,14981
"HSC_26",1,16954
"HSC_260",1,6755
"HSC_261",1,27773
"HSC_262",1,20977
"HSC_263",1,38333
"HSC_264",1,12905
"HSC_265",1,21507
"HSC_266",1,9445
"HSC_267",1,17588
"HSC_268",1,7036
"HSC_269",1,6677
"HSC_27",1,2874
"HSC_270",1,8515
"HSC_271",1,1931
"HSC_272",1,2282
"HSC_273",1,2186
"HSC_274",1,1404
"HSC_275",1,15440
"HSC_276",1,12826
"HSC_277",1,8566
"HSC_278",1,23296
"HSC_279",1,31019
"HSC_28",1,3219
"HSC_280",1,8907
"HSC_281",1,65457
"HSC_282",1,8123
"HSC_283",1,26722
"HSC_284",1,220106
"HSC_285",1,3081
"HSC_286",1,7967
"HSC_287",1,773
"HSC_288",1,7659
"HSC_289",1,10266
"HSC_29",1,1222
"HSC_290",1,14667
"HSC_291",1,16713
"HSC_292",1,11172
"HSC_293",1,5353
"HSC_294",1,4617
"HSC_295",1,376
"HSC_296",1,1117
"HSC_297",1,6412
"HSC_298",1,8218
"HSC_299",1,3809
"HSC_3",1,11192
"HSC_30",1,59326
"HSC_300",1,32792
"HSC_301",1,15150
"HSC_302",1,27844
"HSC_303",1,3772
"HSC_304",1,11967
"HSC_305",1,2243
"HSC_306",1,2433
"HSC_307",1,26120
"HSC_308",1,13497
"HSC_309",1,9962
"HSC_31",1,18477
"HSC_310",1,18832
"HSC_311",1,5915
"HSC_312",1,21610
"HSC_313",1,12368
"HSC_314",1,957
"HSC_315",1,25545
"HSC_316",1,23025
"HSC_317",1,26574
"HSC_318",1,6980
"HSC_319",1,38957
"HSC_32",1,21953
"HSC_320",1,6789
"HSC_321",1,8410
"HSC_322",1,7565
"HSC_323",1,3408
"HSC_324",1,29208
"HSC_325",1,23160
"HSC_326",1,26250
"HSC_327",1,32590
"HSC_328",1,14955
"HSC_329",1,24181
"HSC_33",1,8450
"HSC_330",1,6941
"HSC_331",1,35946
"HSC_332",1,7863
"HSC_333",1,3044
"HSC_334",1,12065
"HSC_335",1,7370
"HSC_336",1,24610
"HSC_337",1,17111
"HSC_338",1,32774
"HSC_339",1,24663
"HSC_34",1,1903
"HSC_340",1,5375
"HSC_341",1,524
"HSC_342",1,4108
"HSC_343",1,18689
"HSC_344",1,11098
"HSC_345",1,8581
"HSC_346",1,20148
"HSC_347",1,6079
"HSC_348",1,6617
"HSC_349",1,860
"HSC_35",1,13230
"HSC_350",1,19163
"HSC_351",1,37195
"HSC_352",1,14891
"HSC_353",1,17611
"HSC_354",1,10692
"HSC_355",1,25022
"HSC_356",1,855
"HSC_357",1,12223
"HSC_358",1,3200
"HSC_359",1,8746
"HSC_36",1,10302
"HSC_360",1,40464
"HSC_361",1,12079
"HSC_362",1,626
"HSC_363",1,20081
"HSC_364",1,2081
"HSC_365",1,1431
"HSC_366",1,13485
"HSC_367",1,37079
"HSC_368",1,5067
"HSC_369",1,20359
"HSC_37",1,8105
"HSC_370",1,22052
"HSC_371",1,355
"HSC_372",1,36047
"HSC_373",1,8451
"HSC_374",1,26727
"HSC_375",1,2901
"HSC_376",1,10979
"HSC_377",1,2131
"HSC_378",1,167
"HSC_379",1,24405
"HSC_38",1,7797
"HSC_380",1,49162
"HSC_381",1,66099
"HSC_382",1,11532
"HSC_383",1,7203
"HSC_384",1,914
"HSC_385",1,5026
"HSC_386",1,942
"HSC_387",1,124
"HSC_388",1,79
"HSC_389",1,92
"HSC_39",1,27344
"HSC_390",1,767
"HSC_391",1,1070
"HSC_392",1,1027
"HSC_393",1,89
"HSC_394",1,67
"HSC_395",1,79
"HSC_396",1,200
"HSC_397",1,310
"HSC_398",1,5875
"HSC_399",1,94
"HSC_4",1,5726
"HSC_40",1,30784
"HSC_400",1,76
"HSC_401",1,54
"HSC_402",1,973
"HSC_403",1,15565
"HSC_404",1,369
"HSC_405",1,70
"HSC_406",1,104
"HSC_407",1,98
"HSC_408",1,2281
"HSC_409",1,1704
"HSC_41",1,22740
"HSC_410",1,1223
"HSC_411",1,175
"HSC_412",1,176
"HSC_413",1,230
"HSC_414",1,4498
"HSC_415",1,1898
"HSC_416",1,2352
"HSC_417",1,247
"HSC_418",1,163
"HSC_419",1,5516
"HSC_42",1,15990
"HSC_420",1,5487
"HSC_421",1,3170
"HSC_422",1,5032
"HSC_423",1,164
"HSC_424",1,122
"HSC_425",1,146
"HSC_426",1,7375
"HSC_427",1,31858
"HSC_428",1,8792
"HSC_429",1,123
"HSC_43",1,11052
"HSC_430",1,15263
"HSC_431",1,2821
"HSC_432",1,9580
"HSC_433",1,4348
"HSC_434",1,38930
"HSC_435",1,28533
"HSC_436",1,6006
"HSC_437",1,17859
"HSC_438",1,2190
"HSC_439",1,3453
"HSC_44",1,2266
"HSC_440",1,11354
"HSC_441",1,10071
"HSC_442",1,14724
"HSC_443",1,4248
"HSC_444",1,7395
"HSC_445",1,6712
"HSC_446",1,996
"HSC_447",1,3939
"HSC_448",1,13720
"HSC_449",1,14170
"HSC_45",1,22261
"HSC_450",1,15866
"HSC_451",1,1963
"HSC_452",1,12749
"HSC_453",1,2447
"HSC_454",1,20856
"HSC_455",1,3598
"HSC_456",1,4924
"HSC_457",1,6696
"HSC_458",1,25948
"HSC_459",1,20536
"HSC_46",1,21670
"HSC_460",1,6687
"HSC_461",1,1546
"HSC_462",1,904
"HSC_463",1,1502
"HSC_464",1,10840
"HSC_465",1,23532
"HSC_466",1,18756
"HSC_467",1,2855
"HSC_468",1,21821
"HSC_469",1,1970
"HSC_47",1,14952
"HSC_470",1,3846
"HSC_471",1,1682
"HSC_472",1,11065
"HSC_473",1,13094
"HSC_474",1,2577
"HSC_475",1,3595
"HSC_476",1,2465
"HSC_477",1,1741
"HSC_478",1,3779
"HSC_479",1,4601
"HSC_48",1,24822
"HSC_49",1,5466
"HSC_5",1,14040
"HSC_50",1,12643
"HSC_51",1,2165
"HSC_52",1,10748
"HSC_53",1,16843
"HSC_54",1,9728
"HSC_55",1,22693
"HSC_56",1,5057
"HSC_57",1,30236
"HSC_58",1,15795
"HSC_59",1,4131
"HSC_6",1,8939
"HSC_60",1,17401
"HSC_61",1,8532
"HSC_62",1,19691
"HSC_63",1,23433
"HSC_64",1,28169
"HSC_65",1,23452
"HSC_66",1,1978
"HSC_67",1,10068
"HSC_68",1,11374
"HSC_69",1,65391
"HSC_7",1,45092
"HSC_70",1,19204
"HSC_71",1,5062
"HSC_72",1,31204
"HSC_73",1,6187
"HSC_74",1,25033
"HSC_75",1,35699
"HSC_76",1,20001
"HSC_77",1,18303
"HSC_78",1,7936
"HSC_79",1,12384
"HSC_8",1,13393
"HSC_80",1,15724
"HSC_81",1,11202
"HSC_82",1,4656
"HSC_83",1,40405
"HSC_84",1,7673
"HSC_85",1,420
"HSC_86",1,23486
"HSC_87",1,26162
"HSC_88",1,17386
"HSC_89",1,15162
"HSC_9",1,17963
"HSC_90",1,9646
"HSC_91",1,25570
"HSC_92",1,368
"HSC_93",1,115404
"HSC_94",1,10245
"HSC_95",1,5332
"HSC_96",1,15108
"HSC_97",1,9477
"HSC_98",1,18227
"HSC_99",1,10736
"LMPP_0",1,4001
"LMPP_1",1,17919
"LMPP_10",1,46755
"LMPP_11",1,7607
"LMPP_12",1,4453
"LMPP_13",1,9893
"LMPP_14",1,3910
"LMPP_15",1,14804
"LMPP_16",1,4091
"LMPP_17",1,18068
"LMPP_18",1,8541
"LMPP_19",1,2618
"LMPP_2",1,41278
"LMPP_20",1,8656
"LMPP_21",1,11397
"LMPP_22",1,19702
"LMPP_23",1,12380
"LMPP_24",1,17386
"LMPP_25",1,13920
"LMPP_26",1,24258
"LMPP_27",1,9643
"LMPP_28",1,14669
"LMPP_29",1,13959
"LMPP_3",1,19299
"LMPP_30",1,11378
"LMPP_31",1,39783
"LMPP_32",1,37562
"LMPP_33",1,21809
"LMPP_34",1,32086
"LMPP_35",1,13705
"LMPP_36",1,13585
"LMPP_37",1,6117
"LMPP_38",1,17272
"LMPP_39",1,34758
"LMPP_4",1,27477
"LMPP_40",1,19942
"LMPP_41",1,28321
"LMPP_42",1,3708
"LMPP_43",1,8462
"LMPP_44",1,14566
"LMPP_45",1,12114
"LMPP_46",1,11961
"LMPP_47",1,8699
"LMPP_48",1,12811
"LMPP_49",1,27566
"LMPP_5",1,10085
"LMPP_50",1,9983
"LMPP_51",1,20555
"LMPP_52",1,2710
"LMPP_53",1,60360
"LMPP_54",1,22712
"LMPP_55",1,26160
"LMPP_56",1,31550
"LMPP_57",1,46078
"LMPP_58",1,20027
"LMPP_59",1,23198
"LMPP_6",1,6278
"LMPP_60",1,5261
"LMPP_61",1,11131
"LMPP_62",1,11832
"LMPP_63",1,18422
"LMPP_64",1,23292
"LMPP_65",1,15649
"LMPP_66",1,5455
"LMPP_67",1,819
"LMPP_68",1,5397
"LMPP_69",1,33354
"LMPP_7",1,13767
"LMPP_70",1,18330
"LMPP_71",1,10944
"LMPP_72",1,11908
"LMPP_73",1,4699
"LMPP_74",1,18194
"LMPP_75",1,22419
"LMPP_76",1,7648
"LMPP_77",1,27153
"LMPP_78",1,4993
"LMPP_79",1,20835
"LMPP_8",1,30756
"LMPP_80",1,19706
"LMPP_81",1,20801
"LMPP_82",1,27402
"LMPP_83",1,11474
"LMPP_84",1,27944
"LMPP_85",1,7212
"LMPP_86",1,30588
"LMPP_87",1,23935
"LMPP_88",1,27051
"LMPP_89",1,27923
"LMPP_9",1,18315
"LMPP_90",1,8205
"LMPP_91",1,30424
"LMPP_92",1,588
"LMPP_93",1,37959
"LMPP_94",1,37722
"LMPP_95",1,5644
"MEP_0",1,4398
"MEP_1",1,13883
"MEP_10",1,18834
"MEP_100",1,31653
"MEP_101",1,3817
"MEP_102",1,20515
"MEP_103",1,79045
"MEP_104",1,170673
"MEP_105",1,46614
"MEP_106",1,47027
"MEP_107",1,44535
"MEP_108",1,21955
"MEP_109",1,21995
"MEP_11",1,6853
"MEP_110",1,46009
"MEP_111",1,20524
"MEP_112",1,90746
"MEP_113",1,37530
"MEP_114",1,7516
"MEP_115",1,80694
"MEP_116",1,91201
"MEP_117",1,18009
"MEP_118",1,30198
"MEP_119",1,100538
"MEP_12",1,17088
"MEP_120",1,39875
"MEP_121",1,17285
"MEP_122",1,154634
"MEP_123",1,6692
"MEP_124",1,27034
"MEP_125",1,133374
"MEP_126",1,27073
"MEP_127",1,193385
"MEP_128",1,107262
"MEP_129",1,36289
"MEP_13",1,13019
"MEP_130",1,21637
"MEP_131",1,27748
"MEP_132",1,31787
"MEP_133",1,11862
"MEP_134",1,158420
"MEP_135",1,27065
"MEP_136",1,11689
"MEP_137",1,7636
"MEP_138",1,33540
"MEP_139",1,34443
"MEP_14",1,9369
"MEP_140",1,35145
"MEP_141",1,39130
"MEP_142",1,47087
"MEP_143",1,13867
"MEP_144",1,47879
"MEP_145",1,166188
"MEP_146",1,39751
"MEP_147",1,20411
"MEP_148",1,22123
"MEP_149",1,42015
"MEP_15",1,13455
"MEP_150",1,267294
"MEP_151",1,158509
"MEP_152",1,48677
"MEP_153",1,84169
"MEP_154",1,27871
"MEP_155",1,30320
"MEP_156",1,29790
"MEP_157",1,15789
"MEP_158",1,148370
"MEP_159",1,18211
"MEP_16",1,19321
"MEP_160",1,11327
"MEP_161",1,34228
"MEP_162",1,26747
"MEP_163",1,21535
"MEP_164",1,10708
"MEP_165",1,19440
"MEP_166",1,49087
"MEP_167",1,8321
"MEP_168",1,825
"MEP_169",1,10329
"MEP_17",1,20907
"MEP_170",1,32256
"MEP_171",1,12050
"MEP_172",1,142424
"MEP_173",1,28784
"MEP_174",1,90306
"MEP_175",1,27039
"MEP_176",1,36204
"MEP_177",1,19316
"MEP_178",1,59029
"MEP_179",1,29972
"MEP_18",1,18191
"MEP_180",1,46847
"MEP_181",1,15143
"MEP_182",1,8747
"MEP_183",1,23907
"MEP_184",1,124813
"MEP_185",1,23514
"MEP_186",1,338674
"MEP_187",1,34
"MEP_188",1,44
"MEP_189",1,30
"MEP_19",1,85333
"MEP_190",1,3
"MEP_191",1,39804
"MEP_192",1,56
"MEP_193",1,15347
"MEP_194",1,44
"MEP_195",1,2793
"MEP_196",1,60
"MEP_197",1,47
"MEP_198",1,14992
"MEP_199",1,125
"MEP_2",1,7030
"MEP_20",1,3221
"MEP_200",1,28468
"MEP_201",1,77
"MEP_202",1,198
"MEP_203",1,471
"MEP_204",1,718
"MEP_205",1,14662
"MEP_206",1,192
"MEP_207",1,8304
"MEP_208",1,13472
"MEP_209",1,2157
"MEP_21",1,14244
"MEP_210",1,13990
"MEP_211",1,794
"MEP_212",1,804
"MEP_213",1,677
"MEP_214",1,4455
"MEP_215",1,3263
"MEP_216",1,17052
"MEP_217",1,7811
"MEP_218",1,225
"MEP_219",1,231
"MEP_22",1,62761
"MEP_220",1,5631
"MEP_221",1,1586
"MEP_222",1,9313
"MEP_223",1,165
"MEP_224",1,8301
"MEP_225",1,5
"MEP_226",1,686
"MEP_227",1,439
"MEP_228",1,357
"MEP_229",1,140
"MEP_23",1,75463
"MEP_230",1,143
"MEP_231",1,8654
"MEP_232",1,290
"MEP_233",1,296
"MEP_234",1,266
"MEP_235",1,136
"MEP_236",1,164
"MEP_237",1,142
"MEP_238",1,41602
"MEP_239",1,353
"MEP_24",1,783
"MEP_240",1,246
"MEP_241",1,112
"MEP_242",1,114
"MEP_243",1,129
"MEP_244",1,336
"MEP_245",1,471
"MEP_246",1,4990
"MEP_247",1,132
"MEP_248",1,108
"MEP_249",1,129
"MEP_25",1,7496
"MEP_250",1,274
"MEP_251",1,212
"MEP_252",1,183
"MEP_253",1,9055
"MEP_254",1,4439
"MEP_255",1,125
"MEP_256",1,2181
"MEP_257",1,167
"MEP_258",1,7530
"MEP_259",1,35824
"MEP_26",1,4553
"MEP_260",1,165
"MEP_261",1,12754
"MEP_262",1,238
"MEP_263",1,259
"MEP_264",1,252
"MEP_265",1,129
"MEP_266",1,126
"MEP_267",1,103
"MEP_268",1,196
"MEP_269",1,212
"MEP_27",1,21857
"MEP_270",1,224
"MEP_271",1,103
"MEP_272",1,10954
"MEP_273",1,64
"MEP_274",1,9889
"MEP_275",1,81
"MEP_276",1,50959
"MEP_277",1,64
"MEP_278",1,36
"MEP_279",1,53
"MEP_28",1,10208
"MEP_280",1,188
"MEP_281",1,36051
"MEP_282",1,191
"MEP_29",1,63585
"MEP_3",1,23597
"MEP_30",1,15292
"MEP_31",1,20503
"MEP_32",1,9274
"MEP_33",1,28012
"MEP_34",1,24196
"MEP_35",1,9672
"MEP_36",1,7577
"MEP_37",1,27979
"MEP_38",1,686
"MEP_39",1,56806
"MEP_4",1,27162
"MEP_40",1,24558
"MEP_41",1,13673
"MEP_42",1,10205
"MEP_43",1,881
"MEP_44",1,6205
"MEP_45",1,10308
"MEP_46",1,4218
"MEP_47",1,11007
"MEP_48",1,22822
"MEP_49",1,6335
"MEP_5",1,10600
"MEP_50",1,27153
"MEP_51",1,14076
"MEP_52",1,15900
"MEP_53",1,21345
"MEP_54",1,11409
"MEP_55",1,9931
"MEP_56",1,31400
"MEP_57",1,19546
"MEP_58",1,27535
"MEP_59",1,13789
"MEP_6",1,11060
"MEP_61",1,6
"MEP_68",1,8
"MEP_7",1,1633
"MEP_70",1,5
"MEP_74",1,4
"MEP_75",1,2
"MEP_76",1,3
"MEP_77",1,2
"MEP_78",1,2
"MEP_79",1,1973
"MEP_8",1,14597
"MEP_80",1,6345
"MEP_81",1,4179
"MEP_82",1,23587
"MEP_83",1,18900
"MEP_84",1,3
"MEP_85",1,14354
"MEP_86",1,26096
"MEP_87",1,4378
"MEP_88",1,1461
"MEP_89",1,17316
"MEP_9",1,4514
"MEP_90",1,45064
"MEP_91",1,87370
"MEP_92",1,23641
"MEP_93",1,76776
"MEP_94",1,29668
"MEP_95",1,24327
"MEP_96",1,24031
"MEP_97",1,90525
"MEP_98",1,50568
"MEP_99",1,16146
"MPP_0",1,3646
"MPP_1",1,4139
"MPP_10",1,8925
"MPP_100",1,7569
"MPP_101",1,11125
"MPP_102",1,8332
"MPP_103",1,5247
"MPP_104",1,11315
"MPP_105",1,12183
"MPP_106",1,12629
"MPP_107",1,19643
"MPP_108",1,5904
"MPP_109",1,4762
"MPP_11",1,1698
"MPP_110",1,1422
"MPP_111",1,5535
"MPP_112",1,9473
"MPP_113",1,3588
"MPP_114",1,14245
"MPP_115",1,13112
"MPP_116",1,1516
"MPP_117",1,19529
"MPP_118",1,11164
"MPP_119",1,8428
"MPP_12",1,13230
"MPP_120",1,14023
"MPP_121",1,3930
"MPP_122",1,22109
"MPP_123",1,3354
"MPP_124",1,13050
"MPP_125",1,24596
"MPP_126",1,12017
"MPP_127",1,12500
"MPP_128",1,3971
"MPP_129",1,9581
"MPP_13",1,6470
"MPP_130",1,8714
"MPP_131",1,11687
"MPP_132",1,15745
"MPP_133",1,11353
"MPP_134",1,25884
"MPP_135",1,12973
"MPP_136",1,4570
"MPP_137",1,5641
"MPP_138",1,13443
"MPP_139",1,7827
"MPP_14",1,2791
"MPP_140",1,2599
"MPP_141",1,23711
"MPP_142",1,3894
"MPP_143",1,2240
"MPP_144",1,13759
"MPP_145",1,6208
"MPP_146",1,13986
"MPP_147",1,5506
"MPP_148",1,4807
"MPP_149",1,15956
"MPP_15",1,8869
"MPP_150",1,6334
"MPP_151",1,25240
"MPP_152",1,9296
"MPP_153",1,8205
"MPP_154",1,13035
"MPP_155",1,2831
"MPP_156",1,2370
"MPP_157",1,691
"MPP_158",1,2239
"MPP_159",1,26057
"MPP_16",1,10167
"MPP_160",1,19193
"MPP_161",1,17011
"MPP_162",1,2704
"MPP_163",1,19432
"MPP_164",1,9211
"MPP_165",1,14010
"MPP_166",1,17161
"MPP_167",1,59
"MPP_168",1,11930
"MPP_169",1,1453
"MPP_17",1,30852
"MPP_170",1,20443
"MPP_171",1,1860
"MPP_172",1,1326
"MPP_173",1,11696
"MPP_174",1,6822
"MPP_175",1,10134
"MPP_176",1,5029
"MPP_177",1,6647
"MPP_178",1,16620
"MPP_179",1,2452
"MPP_18",1,8413
"MPP_180",1,11134
"MPP_181",1,2210
"MPP_182",1,7905
"MPP_183",1,2159
"MPP_184",1,1809
"MPP_185",1,5049
"MPP_186",1,4316
"MPP_187",1,7675
"MPP_188",1,14605
"MPP_189",1,154
"MPP_19",1,6494
"MPP_190",1,303
"MPP_191",1,4045
"MPP_2",1,6
"MPP_20",1,2662
"MPP_21",1,4979
"MPP_22",1,70
"MPP_23",1,6183
"MPP_24",1,9803
"MPP_25",1,8230
"MPP_26",1,17598
"MPP_27",1,12268
"MPP_28",1,260
"MPP_29",1,12789
"MPP_3",1,4
"MPP_30",1,45889
"MPP_31",1,11778
"MPP_32",1,623
"MPP_33",1,3167
"MPP_34",1,22789
"MPP_35",1,5833
"MPP_36",1,13391
"MPP_37",1,6548
"MPP_38",1,6503
"MPP_39",1,13785
"MPP_4",1,10779
"MPP_40",1,4414
"MPP_41",1,14490
"MPP_42",1,6513
"MPP_43",1,1332
"MPP_44",1,11138
"MPP_45",1,3020
"MPP_46",1,4875
"MPP_47",1,6757
"MPP_48",1,7858
"MPP_49",1,4671
"MPP_5",1,2792
"MPP_50",1,19193
"MPP_51",1,9587
"MPP_52",1,298
"MPP_53",1,14559
"MPP_54",1,14849
"MPP_55",1,23947
"MPP_56",1,7280
"MPP_57",1,3143
"MPP_58",1,11244
"MPP_59",1,2602
"MPP_6",1,4767
"MPP_60",1,21340
"MPP_61",1,2230
"MPP_62",1,10992
"MPP_63",1,12252
"MPP_64",1,5658
"MPP_65",1,30683
"MPP_66",1,19885
"MPP_67",1,17474
"MPP_68",1,9723
"MPP_69",1,14623
"MPP_7",1,12403
"MPP_70",1,8820
"MPP_71",1,10918
"MPP_72",1,7322
"MPP_73",1,7663
"MPP_74",1,1080
"MPP_75",1,14663
"MPP_76",1,1200
"MPP_77",1,21820
"MPP_78",1,4217
"MPP_79",1,11822
"MPP_8",1,24635
"MPP_80",1,23373
"MPP_81",1,4749
"MPP_82",1,3463
"MPP_83",1,2612
"MPP_84",1,25519
"MPP_85",1,6263
"MPP_86",1,2144
"MPP_87",1,8125
"MPP_88",1,2764
"MPP_89",1,5956
"MPP_9",1,10439
"MPP_90",1,29672
"MPP_91",1,8863
"MPP_92",1,44500
"MPP_93",1,69174
"MPP_94",1,19739
"MPP_95",1,5076
"MPP_96",1,2387
"MPP_97",1,9461
"MPP_98",1,11383
"MPP_99",1,16267
